{
    "MaxPan": [
        0.166700005531311,
        0.166700005531311,
        0.166700005531311,
        0.166700005531311,
        0.166700005531311,
        0.166700005531311,
        0.166700005531311,
        0.166700005531311,
        0.166700005531311,
        0.166700005531311,
        0.166700005531311,
        0.166700005531311,
        0.166700005531311,
        0.166700005531311,
        0.166700005531311,
        0.166700005531311,
        0.166700005531311,
        0.166700005531311,
        0.166700005531311,
        0.166700005531311,
        0.166700005531311,
        0.166700005531311,
        0.166700005531311,
        0.166700005531311,
        0.166700005531311,
        0.166700005531311,
        0.166700005531311,
        0.166700005531311,
        0.166700005531311,
        0.166700005531311,
        0.166700005531311,
        0.166700005531311
    ],
    "MaxTilt": [
        0.5,
        0.5,
        0.5,
        0.5,
        0.5,
        0.5,
        0.5,
        0.5,
        0.5,
        0.5,
        0.5,
        0.5,
        0.5,
        0.5,
        0.5,
        0.5,
        0.5,
        0.5,
        0.5,
        0.5,
        0.5,
        0.5,
        0.5,
        0.5,
        0.5,
        0.5,
        0.5,
        0.5,
        0.5,
        0.5,
        0.5,
        0.5
    ],
    "MinPan": [
        0.5,
        0.5,
        0.5,
        0.5,
        0.5,
        0.5,
        0.5,
        0.5,
        0.5,
        0.5,
        0.5,
        0.5,
        0.5,
        0.5,
        0.5,
        0.5,
        0.5,
        0.5,
        0.5,
        0.5,
        0.5,
        0.5,
        0.5,
        0.5,
        0.5,
        0.5,
        0.5,
        0.5,
        0.5,
        0.5,
        0.5,
        0.5
    ],
    "MinTilt": [
        1.0,
        1.0,
        1.0,
        1.0,
        1.0,
        1.0,
        1.0,
        1.0,
        1.0,
        1.0,
        1.0,
        1.0,
        1.0,
        1.0,
        1.0,
        1.0,
        1.0,
        1.0,
        1.0,
        1.0,
        1.0,
        1.0,
        1.0,
        1.0,
        1.0,
        1.0,
        1.0,
        1.0,
        1.0,
        1.0,
        1.0,
        1.0
    ]
}