{
    "Artnet Sender": {
        "1": [
            1590.2890625,
            591.00390625
        ]
    },
    "Audio Controller": {
        "1": [
            1966.5,
            283.515625
        ],
        "2": [
            1909.7890625,
            1049.4921875
        ],
        "3": [
            1911.859375,
            1803.46875
        ],
        "4": [
            1924.203125,
            2416.51953125
        ]
    },
    "Movinghead Controller": {
        "1": [
            1153.4296875,
            238.52734375
        ],
        "2": [
            1116.29296875,
            1073.64453125
        ]
    },
    "StrobeLight Controller": {
        "1": [
            1095.62890625,
            1793.03125
        ],
        "2": [
            1088.375,
            2404.6015625
        ]
    }
}